sepal_length_cm,sepal_width_cm,petal_length_cm,petal_width_cm,species
4.73,3.38,1.78,0.15,Aurora
6.76,2.75,5.13,2.06,Celeste
5.28,3.65,1.9,0.28,Aurora
5.84,2.8,4.35,1.33,Borealis
4.94,3.49,1.09,-0.13,Aurora
6.4,2.92,5.33,2.01,Celeste
5.3,3.45,1.36,0.16,Aurora
5.0,3.58,1.6,0.13,Aurora
5.03,3.68,1.67,0.33,Aurora
5.31,3.24,1.58,0.28,Aurora
5.0,3.57,1.53,0.48,Aurora
6.63,2.79,4.17,1.41,Borealis
6.39,3.22,5.27,2.28,Celeste
5.39,3.87,1.67,0.42,Aurora
5.91,3.43,5.55,1.99,Celeste
6.29,2.95,4.91,1.47,Borealis
4.76,3.19,1.29,0.29,Aurora
7.0,2.71,4.77,1.6,Borealis
6.48,3.32,4.39,1.47,Borealis
5.45,3.24,1.67,0.19,Aurora
5.24,3.12,1.91,0.26,Aurora
6.04,2.93,4.45,1.68,Celeste
6.59,3.11,5.89,1.96,Celeste
5.77,2.66,4.34,1.48,Borealis
6.25,2.67,4.23,1.27,Borealis
6.25,2.88,4.32,1.26,Borealis
5.19,3.16,1.34,0.17,Aurora
6.96,2.82,5.48,2.39,Celeste
6.63,3.12,5.78,2.26,Celeste
5.76,2.77,4.74,1.3,Borealis
5.09,3.57,1.54,0.12,Aurora
6.9,3.17,5.49,1.98,Celeste
4.78,3.85,1.53,0.34,Aurora
6.14,2.73,3.71,1.04,Borealis
6.59,3.04,5.75,1.69,Celeste
6.64,3.41,5.35,2.35,Celeste
4.72,3.34,1.41,0.06,Aurora
5.33,2.63,4.37,1.24,Borealis
6.15,2.74,4.13,0.97,Borealis
4.86,3.8,1.55,0.16,Aurora
5.32,3.45,1.48,0.31,Aurora
5.05,3.09,1.28,0.04,Aurora
6.38,2.71,4.58,1.55,Borealis
6.37,3.06,5.62,2.2,Celeste
7.07,3.14,5.56,1.77,Celeste
6.73,2.63,5.69,2.08,Celeste
4.74,3.5,1.41,0.22,Aurora
6.51,2.4,3.91,1.39,Borealis
5.33,2.69,3.74,1.74,Borealis
6.65,2.77,5.51,2.16,Celeste
5.88,2.64,4.05,1.47,Borealis
5.71,2.84,4.02,1.15,Borealis
5.98,2.9,4.04,1.13,Borealis
4.96,3.94,1.24,0.31,Aurora
5.56,3.24,1.52,0.11,Aurora
5.25,3.33,1.43,0.34,Aurora
5.53,3.68,1.65,0.27,Aurora
5.69,3.01,3.96,1.4,Borealis
6.36,2.54,4.19,1.49,Borealis
6.47,2.89,4.46,1.27,Borealis
4.38,3.45,1.18,0.3,Aurora
6.19,2.83,4.76,1.35,Borealis
6.65,2.5,4.84,2.09,Celeste
6.02,2.91,4.13,1.6,Borealis
5.31,3.32,1.69,0.32,Aurora
4.47,3.38,1.83,0.3,Aurora
8.24,2.63,5.46,1.9,Celeste
5.54,3.13,4.57,1.22,Borealis
5.27,3.06,4.42,1.27,Borealis
5.97,3.11,4.72,1.06,Borealis
6.17,2.86,5.01,1.72,Celeste
6.4,2.58,4.75,1.5,Borealis
6.65,2.98,5.4,1.88,Celeste
6.24,3.15,4.64,1.18,Borealis
5.11,3.45,1.78,0.21,Aurora
6.7,2.72,4.99,1.87,Celeste
5.59,2.98,3.54,1.42,Borealis
5.68,2.9,4.37,1.37,Borealis
4.85,3.0,1.38,0.24,Aurora
6.64,3.18,4.97,2.02,Celeste
5.74,2.83,4.38,1.51,Borealis
5.53,3.55,1.73,0.15,Aurora
5.76,3.08,4.03,1.19,Borealis
4.88,3.18,1.73,0.19,Aurora
6.38,2.57,5.89,1.91,Celeste
7.78,3.07,5.31,1.88,Celeste
5.85,3.07,4.25,1.4,Borealis
6.59,3.03,4.85,1.11,Borealis
4.09,3.26,1.49,0.28,Aurora
6.85,2.65,3.94,1.42,Borealis
6.01,2.92,3.97,1.24,Borealis
5.62,3.19,4.49,1.27,Borealis
6.67,2.88,5.71,1.91,Celeste
7.15,3.15,4.47,1.95,Celeste
6.59,2.62,5.38,1.82,Celeste
5.94,2.91,4.99,0.87,Borealis
5.13,3.32,1.61,0.18,Aurora
5.54,3.5,1.34,0.28,Aurora
6.47,3.3,5.57,2.06,Celeste
5.99,2.86,6.02,1.9,Celeste
5.38,2.89,3.88,1.39,Borealis
6.19,2.71,4.9,1.5,Borealis
6.43,3.02,4.09,1.41,Borealis
5.89,3.29,4.35,1.3,Borealis
6.14,2.95,5.81,1.98,Celeste
4.21,3.96,1.61,0.52,Aurora
5.94,2.95,5.14,2.36,Celeste
4.73,3.53,1.48,0.23,Aurora
6.38,3.41,5.63,2.19,Celeste
4.85,3.08,1.88,0.15,Aurora
6.03,3.04,6.08,2.08,Celeste
6.56,2.78,5.74,1.98,Celeste
6.14,3.07,5.41,2.07,Celeste
6.11,2.65,4.98,1.5,Borealis
7.21,3.35,5.16,1.94,Celeste
6.33,2.31,4.56,1.37,Borealis
7.01,3.41,5.51,2.08,Celeste
6.34,2.87,4.97,1.89,Celeste
5.38,3.75,0.98,0.2,Aurora
6.82,2.97,5.44,2.1,Celeste
5.12,2.86,4.55,1.32,Borealis
5.55,3.42,1.49,0.25,Aurora
4.94,3.28,1.63,0.35,Aurora
6.28,2.7,4.63,1.34,Borealis
5.88,3.08,4.96,2.0,Celeste
4.9,3.95,1.32,0.42,Aurora
4.23,3.48,1.32,0.24,Aurora
6.21,3.09,4.56,2.05,Celeste
6.37,2.83,4.48,1.28,Borealis
5.57,3.27,1.3,0.24,Aurora
6.82,3.06,4.48,0.99,Borealis
7.63,3.0,6.18,1.87,Celeste
6.22,2.77,4.26,1.19,Borealis
5.28,3.12,1.57,0.15,Aurora
6.55,3.14,5.51,1.9,Celeste
4.54,3.6,1.91,0.46,Aurora
6.2,3.36,5.57,1.9,Celeste
6.13,3.2,4.79,2.09,Celeste
6.22,3.07,4.24,1.06,Borealis
4.87,3.28,1.38,0.29,Aurora
5.06,3.25,1.74,0.34,Aurora
5.31,3.55,1.43,0.13,Aurora
6.73,2.94,5.79,2.18,Celeste
5.85,2.81,4.9,1.48,Borealis
6.36,2.8,5.46,2.17,Celeste
5.36,3.44,1.39,0.17,Aurora
6.12,3.02,5.08,1.98,Celeste
5.15,3.36,1.7,0.31,Aurora
6.19,2.64,5.08,1.37,Borealis
5.35,3.95,1.66,0.3,Aurora
5.05,3.37,1.76,0.28,Aurora
6.33,2.77,5.74,1.82,Celeste
6.77,2.62,4.28,1.28,Borealis
5.37,2.81,3.93,1.14,Borealis
5.48,3.02,4.4,1.43,Borealis
5.51,3.7,1.52,0.33,Aurora
5.39,3.91,1.6,0.37,Aurora
5.69,2.89,3.66,1.47,Borealis
6.26,2.62,4.77,1.6,Borealis
5.46,3.33,1.4,0.29,Aurora
5.59,2.91,4.1,1.03,Borealis
7.15,2.83,5.08,1.89,Celeste
5.83,2.9,4.75,2.01,Celeste
6.73,3.16,4.62,1.29,Borealis
5.56,2.68,4.05,1.19,Borealis
6.24,3.3,4.28,1.42,Borealis
4.8,3.17,1.73,0.23,Aurora
5.17,3.42,1.35,0.3,Aurora
6.82,3.54,5.5,2.28,Celeste
5.78,2.7,4.13,1.3,Borealis
6.19,2.9,4.0,1.25,Borealis
6.4,2.89,3.81,1.25,Borealis
5.34,3.71,1.72,0.3,Aurora
6.18,3.08,4.68,1.11,Borealis
5.61,3.29,4.93,1.32,Borealis
7.13,3.5,5.43,2.01,Celeste
5.06,3.02,4.11,1.09,Borealis
6.92,2.91,6.32,2.08,Celeste
5.68,3.43,1.73,0.28,Aurora
5.35,3.41,1.42,0.33,Aurora
5.47,3.32,1.42,0.24,Aurora
6.24,2.48,4.13,1.61,Borealis
5.47,3.37,1.32,0.2,Aurora
6.94,2.88,5.19,1.94,Celeste
6.35,2.97,4.13,1.29,Borealis
5.48,2.72,3.55,1.52,Borealis
4.85,3.27,1.25,0.25,Aurora
4.94,3.62,0.72,0.3,Aurora
6.99,3.13,4.4,1.24,Borealis
4.73,3.81,1.59,0.33,Aurora
5.1,2.94,1.37,0.13,Aurora
6.21,3.07,4.01,1.32,Borealis
6.52,2.55,4.15,1.29,Borealis
6.66,2.99,6.33,1.73,Celeste
5.64,3.1,4.09,1.16,Borealis
5.91,3.41,1.73,0.22,Aurora
6.65,3.06,5.79,1.87,Celeste
5.58,2.56,4.22,1.37,Borealis
5.96,3.29,5.5,1.81,Celeste
5.19,2.55,4.11,1.03,Borealis
6.38,3.13,5.67,2.06,Celeste
5.7,2.67,4.78,1.59,Borealis
6.3,2.8,6.04,2.03,Celeste
4.55,3.29,1.35,0.38,Aurora
6.24,2.75,5.78,1.65,Celeste
6.21,2.75,3.61,1.3,Borealis
6.39,2.51,4.95,1.5,Borealis
6.01,3.63,5.83,1.91,Celeste
6.76,3.09,5.56,2.2,Celeste
6.06,2.95,5.39,2.22,Celeste
6.44,2.85,3.94,1.41,Borealis
5.3,3.04,4.63,1.27,Borealis
5.74,2.71,4.38,1.08,Borealis
6.41,3.58,5.01,2.25,Celeste
5.69,3.07,4.41,1.08,Borealis
5.9,2.93,3.86,1.36,Borealis
6.54,2.58,4.52,1.49,Borealis
4.53,3.75,1.06,0.38,Aurora
5.45,3.65,1.77,0.2,Aurora
5.73,3.18,4.32,1.22,Borealis
5.1,3.48,1.88,0.2,Aurora
6.57,2.86,4.74,1.28,Borealis
6.01,2.46,5.13,1.27,Borealis
5.01,2.85,1.66,0.42,Aurora
4.57,3.68,1.47,0.27,Aurora
7.49,3.01,5.19,1.94,Celeste
6.43,3.0,4.25,1.23,Borealis
7.16,2.8,5.63,2.09,Celeste
7.27,2.38,4.58,1.64,Borealis
5.9,3.23,4.37,1.15,Borealis
6.0,2.85,4.77,1.56,Borealis
6.84,3.25,6.35,1.94,Celeste
6.86,2.7,4.36,1.44,Borealis
5.14,3.76,1.51,0.4,Aurora
5.42,3.06,1.8,0.32,Aurora
5.75,2.53,4.38,1.21,Borealis
5.84,3.07,4.25,1.31,Borealis
5.88,3.35,1.43,0.2,Aurora
5.56,3.98,1.84,0.39,Aurora
5.41,3.17,4.52,1.5,Borealis
6.36,3.54,4.73,1.6,Celeste
6.12,3.12,4.35,1.33,Borealis
5.73,2.58,4.43,1.41,Borealis
5.9,2.86,4.44,1.37,Borealis
5.73,2.9,4.35,1.41,Borealis
6.38,2.63,5.18,1.49,Borealis
5.91,2.86,4.15,1.22,Borealis
6.11,3.01,4.08,1.44,Borealis
6.54,3.43,5.42,1.88,Celeste
6.32,2.64,4.72,1.23,Borealis
6.07,2.97,4.44,1.22,Borealis
6.99,2.99,5.69,2.27,Celeste
6.74,3.52,6.01,2.05,Celeste
5.5,3.6,2.21,0.21,Aurora
6.08,3.47,5.32,1.74,Celeste
4.78,3.55,1.52,0.23,Aurora
5.01,2.92,1.37,0.13,Aurora
5.04,3.87,1.43,0.48,Aurora
5.85,3.11,4.96,1.3,Borealis
6.69,2.55,5.57,2.33,Celeste
5.93,3.45,4.51,1.33,Borealis
6.26,2.87,4.61,1.44,Borealis
5.81,3.8,1.57,0.23,Aurora
5.81,2.51,4.31,1.33,Borealis
6.38,2.98,4.4,1.43,Borealis
6.31,2.89,4.14,1.63,Borealis
6.55,2.6,4.92,1.87,Celeste
6.49,3.13,6.24,2.05,Celeste
6.71,3.18,5.29,1.92,Celeste
4.78,3.24,1.61,0.24,Aurora
6.7,3.29,4.53,2.01,Celeste
7.63,3.11,5.62,2.09,Celeste
5.13,3.2,1.43,0.27,Aurora
4.88,3.27,1.04,0.17,Aurora
7.49,2.88,5.33,1.88,Celeste
5.65,3.06,4.95,1.28,Borealis
6.46,3.18,4.96,2.0,Celeste
6.44,3.15,5.11,2.16,Celeste
5.41,3.33,1.48,0.32,Aurora
6.03,2.7,6.51,2.2,Celeste
4.54,3.53,1.4,0.33,Aurora
6.59,3.23,5.56,1.84,Celeste
6.74,2.96,5.8,2.09,Celeste
4.54,3.28,1.37,0.29,Aurora
5.21,2.78,1.45,0.23,Aurora
6.37,2.66,4.04,1.35,Borealis
6.44,2.74,4.75,1.46,Borealis
5.11,3.68,1.16,0.26,Aurora
4.91,3.63,1.78,0.33,Aurora
4.75,3.3,1.52,0.07,Aurora
5.92,3.38,4.41,1.04,Borealis
4.95,3.44,1.27,0.25,Aurora
6.41,2.65,3.86,1.61,Borealis
6.26,2.95,5.37,2.09,Celeste
5.83,3.09,6.04,2.17,Celeste
6.09,2.69,4.18,1.35,Borealis
4.55,3.59,1.94,0.18,Aurora
4.7,3.71,1.29,0.24,Aurora
4.92,3.33,1.5,0.23,Aurora
6.12,2.48,4.49,1.47,Borealis
5.72,2.43,4.27,1.33,Borealis
4.92,3.72,1.55,0.2,Aurora
6.9,2.5,6.21,2.15,Celeste
5.84,2.6,4.67,1.3,Borealis
6.64,3.14,5.86,1.7,Celeste
5.6,3.42,1.26,0.36,Aurora
5.51,3.28,1.87,0.26,Aurora
4.64,3.33,1.66,0.16,Aurora
6.11,2.92,4.02,1.05,Borealis
6.77,3.36,4.49,1.85,Celeste
5.22,3.38,1.59,0.44,Aurora
7.25,3.21,4.51,2.04,Celeste
5.79,2.83,4.21,1.35,Borealis
4.92,3.77,1.26,0.27,Aurora
5.44,3.08,1.67,0.27,Aurora
6.3,3.23,4.32,1.36,Borealis
4.75,3.14,1.4,0.21,Aurora
5.9,2.64,5.08,1.44,Borealis
5.15,3.48,1.14,0.22,Aurora
6.14,3.2,5.13,2.27,Celeste
6.32,3.03,4.92,1.41,Borealis
6.17,3.0,4.84,1.31,Borealis
4.58,3.61,1.37,0.39,Aurora
6.55,3.6,5.52,2.04,Celeste
6.24,2.57,3.74,1.42,Borealis
5.79,3.19,4.0,1.45,Borealis
5.15,3.06,1.26,0.08,Aurora
5.59,2.95,4.76,1.36,Borealis
7.74,3.1,5.65,2.27,Celeste
6.54,3.4,5.55,2.08,Celeste
5.26,3.97,1.4,0.27,Aurora
6.38,3.14,5.49,1.89,Celeste
6.06,2.76,4.95,1.87,Celeste
5.65,2.79,5.47,2.04,Celeste
7.1,2.74,4.35,1.32,Borealis
5.4,3.6,1.75,0.34,Aurora
7.07,3.1,5.51,2.5,Celeste
6.23,2.82,4.02,1.35,Borealis
4.82,3.85,1.61,0.3,Aurora
4.2,3.63,1.26,0.37,Aurora
4.68,3.2,1.17,0.32,Aurora
5.03,3.4,1.43,0.25,Aurora
6.01,2.81,3.84,1.43,Borealis
6.93,3.15,5.68,2.0,Celeste
5.29,3.61,1.54,0.1,Aurora
5.25,3.44,1.62,0.27,Aurora
6.97,2.8,4.46,1.1,Borealis
6.98,3.15,5.68,1.77,Celeste
5.59,3.49,1.9,0.37,Aurora
6.37,2.9,5.14,1.14,Borealis
6.99,2.71,5.22,2.17,Celeste
6.17,2.97,6.1,1.71,Celeste
6.0,3.16,4.2,1.35,Borealis
5.51,2.69,4.33,1.43,Borealis
6.73,3.62,5.12,2.28,Celeste
5.12,3.63,1.49,0.3,Aurora
6.13,3.04,5.01,1.93,Celeste
5.62,2.95,4.2,1.32,Borealis
6.55,3.37,4.38,1.15,Borealis
4.81,3.64,1.17,0.18,Aurora
5.31,3.14,1.73,0.16,Aurora
6.44,2.82,6.17,1.81,Celeste
5.85,2.56,4.27,2.16,Celeste
4.69,3.26,1.15,0.28,Aurora
4.55,3.07,1.46,0.19,Aurora
5.94,2.64,4.91,1.35,Borealis
7.12,2.73,4.73,1.36,Borealis
5.01,3.18,1.95,0.15,Aurora
5.1,3.72,0.96,0.27,Aurora
6.19,3.41,4.33,1.3,Borealis
5.07,3.07,1.26,0.28,Aurora
6.81,2.79,5.93,1.96,Celeste
4.49,3.39,1.25,0.21,Aurora
6.39,3.08,4.74,0.87,Borealis
6.59,2.81,5.75,1.9,Celeste
7.19,2.73,6.39,1.92,Celeste
6.21,3.19,5.77,1.89,Celeste
6.36,2.47,4.57,1.24,Borealis
5.52,2.91,4.42,1.29,Borealis
5.09,3.43,1.4,0.27,Aurora
5.25,3.16,1.84,0.16,Aurora
6.6,2.5,5.33,2.04,Celeste
5.06,2.97,1.51,0.31,Aurora
5.37,3.63,1.65,0.39,Aurora
6.26,2.76,4.44,1.2,Borealis
4.47,3.23,1.56,0.22,Aurora
6.84,2.9,5.5,2.33,Celeste
5.29,2.74,3.89,1.05,Borealis
6.14,3.12,5.51,1.77,Celeste
6.46,2.86,5.74,2.36,Celeste
5.32,3.48,1.82,0.31,Aurora
5.84,3.21,5.28,1.48,Borealis
7.19,3.52,5.8,1.88,Celeste
6.35,2.87,5.21,1.65,Borealis
5.01,3.54,1.63,0.38,Aurora
6.61,2.62,5.87,2.09,Celeste
5.63,3.29,5.09,1.92,Celeste
7.03,3.19,5.64,1.99,Celeste
6.01,3.01,4.76,1.28,Borealis
5.53,3.48,1.26,0.24,Aurora
5.46,2.71,4.66,1.27,Borealis
6.05,3.14,3.98,1.16,Borealis
6.57,2.57,5.94,1.85,Celeste
5.54,3.31,1.23,0.24,Aurora
5.46,3.13,1.41,0.21,Aurora
6.31,2.6,5.39,2.4,Celeste
4.92,3.27,1.58,0.16,Aurora
5.13,2.89,4.48,1.23,Borealis
6.26,2.91,4.06,1.23,Borealis
5.45,2.94,4.97,1.78,Celeste
6.98,2.98,4.58,1.03,Borealis
5.15,3.07,1.28,0.32,Aurora
5.97,2.67,4.06,1.53,Borealis
6.08,2.93,3.89,1.04,Borealis
5.36,2.76,3.62,1.26,Borealis
6.31,2.97,4.41,1.43,Borealis
6.26,2.84,4.45,1.33,Borealis
5.89,3.5,1.43,0.22,Aurora
5.1,3.57,1.39,0.16,Aurora
5.08,3.54,1.65,0.23,Aurora
6.28,3.09,5.17,1.32,Borealis
4.88,3.49,1.37,0.24,Aurora
6.09,3.19,6.25,1.98,Celeste
6.94,2.62,5.56,2.17,Celeste
7.32,2.71,5.53,2.17,Celeste
5.97,2.74,4.13,1.4,Borealis
5.27,2.89,4.66,1.35,Borealis
6.7,3.0,5.95,2.27,Celeste
6.47,3.03,4.15,1.09,Borealis
4.87,3.33,1.21,0.27,Aurora
5.2,3.42,1.46,0.16,Aurora
5.45,3.65,1.72,0.22,Aurora
5.18,2.89,4.04,1.58,Borealis
6.54,2.48,4.5,1.42,Borealis
5.92,2.89,5.38,2.21,Celeste
5.21,3.34,1.29,0.29,Aurora
5.31,3.48,1.14,0.27,Aurora
6.34,2.78,5.42,2.07,Celeste
6.03,2.92,4.61,1.1,Borealis
6.6,2.74,5.19,1.89,Celeste
4.77,3.88,1.41,0.35,Aurora
4.79,3.6,1.94,0.36,Aurora
5.88,2.56,6.29,1.73,Celeste
5.74,2.5,4.91,1.34,Borealis
5.21,3.82,1.68,0.19,Aurora
4.8,3.38,1.59,0.29,Aurora
6.78,2.82,4.74,1.09,Borealis
4.95,3.45,1.47,0.13,Aurora
5.07,3.29,1.5,0.2,Aurora
6.26,2.99,5.13,2.01,Celeste
6.78,2.71,4.77,1.37,Borealis
5.32,3.58,1.32,0.24,Aurora
4.8,3.3,1.72,0.24,Aurora
6.02,2.6,5.23,2.0,Celeste
4.94,3.64,1.44,0.32,Aurora
4.9,3.34,1.45,0.21,Aurora
5.97,2.96,4.72,1.83,Celeste
5.04,3.65,1.5,0.39,Aurora
4.82,3.49,1.48,0.43,Aurora
5.79,3.33,1.82,0.24,Aurora
7.01,2.93,5.57,1.86,Celeste
5.84,3.39,4.78,1.9,Celeste
6.44,2.96,5.12,1.95,Celeste
5.71,2.37,4.65,1.3,Borealis
6.35,2.72,4.28,1.45,Borealis
4.9,3.54,1.84,0.31,Aurora
4.71,3.63,1.53,0.2,Aurora
6.23,3.34,5.06,2.07,Celeste
5.05,3.6,1.66,0.09,Aurora
5.36,3.47,1.69,0.06,Aurora
6.53,2.74,4.65,1.77,Celeste
6.02,3.14,5.19,1.99,Celeste
4.77,3.47,1.31,0.22,Aurora
6.34,3.36,6.19,1.91,Celeste
5.25,3.97,1.85,0.3,Aurora
5.71,2.71,4.84,1.54,Borealis
6.36,2.75,5.4,2.05,Celeste
4.51,3.53,1.54,0.23,Aurora
7.61,3.4,4.93,2.19,Celeste
5.43,2.56,4.3,1.64,Borealis
7.11,2.77,5.26,1.77,Celeste
6.38,3.62,5.22,1.95,Celeste
5.75,2.75,4.53,1.44,Borealis
4.83,3.03,1.64,0.26,Aurora
6.73,2.93,5.08,1.86,Celeste
6.15,3.2,4.49,1.53,Borealis
5.74,2.63,4.11,1.34,Borealis
5.62,3.09,4.86,1.63,Borealis
5.25,2.76,4.37,1.02,Borealis
4.93,3.81,2.02,0.39,Aurora
5.83,3.02,4.6,1.15,Borealis
5.86,3.01,4.16,1.39,Borealis
5.64,2.99,4.21,1.2,Borealis
6.14,2.67,4.45,1.1,Borealis
5.11,3.52,1.32,0.15,Aurora
4.83,3.53,0.87,0.23,Aurora
6.17,2.92,5.38,1.91,Celeste
6.32,3.53,5.58,1.82,Celeste
5.07,3.66,1.14,0.26,Aurora
6.6,2.92,6.34,1.91,Celeste
5.63,3.68,1.61,0.27,Aurora
6.85,2.64,5.64,1.76,Celeste
5.28,3.16,1.59,0.17,Aurora
6.05,2.88,4.26,1.37,Borealis
4.85,3.68,1.22,0.4,Aurora
5.38,2.76,4.23,1.14,Borealis
6.86,2.84,4.23,1.26,Borealis
6.15,2.97,6.21,2.05,Celeste
6.51,2.7,5.35,2.26,Celeste
6.92,3.41,4.96,2.01,Celeste
4.87,3.64,1.69,0.39,Aurora
5.62,3.78,1.51,0.4,Aurora
6.65,3.13,4.97,1.32,Borealis
6.6,3.14,4.53,1.21,Borealis
6.53,3.42,5.53,1.9,Celeste
5.02,3.61,1.35,0.12,Aurora
5.02,3.16,1.2,0.27,Aurora
6.35,2.68,6.08,1.99,Celeste
4.63,3.32,1.97,0.48,Aurora
5.99,3.11,4.36,1.17,Borealis
7.24,3.13,5.47,1.58,Celeste
4.98,3.76,1.04,0.25,Aurora
5.91,3.03,4.48,1.17,Borealis
5.73,3.32,4.47,1.3,Borealis
6.71,3.28,5.83,2.06,Celeste
6.69,2.91,3.73,1.01,Borealis
4.74,3.64,1.35,0.26,Aurora
6.83,3.16,6.01,1.93,Celeste
6.87,3.15,5.83,2.06,Celeste
6.21,2.9,5.46,1.91,Celeste
6.33,2.4,3.76,1.57,Borealis
6.0,3.46,5.37,2.06,Celeste
4.77,3.2,1.48,0.3,Aurora
5.19,3.34,1.75,0.31,Aurora
5.41,2.89,1.61,0.27,Aurora
5.89,2.93,6.12,1.8,Celeste
6.8,2.9,4.94,1.85,Celeste
6.92,3.32,6.17,2.07,Celeste
6.74,2.78,5.66,1.94,Celeste
5.44,3.99,1.72,0.37,Aurora
5.1,3.59,1.5,0.14,Aurora
5.68,3.39,4.34,1.51,Borealis
5.45,3.19,1.38,0.27,Aurora
5.45,3.62,1.48,0.36,Aurora
6.77,2.65,4.95,1.36,Borealis
4.79,3.16,1.34,0.12,Aurora
5.86,3.25,4.61,1.22,Borealis
6.09,3.47,5.21,1.94,Celeste
4.71,3.43,1.49,0.32,Aurora
5.42,3.89,1.44,0.31,Aurora
5.47,3.09,4.66,1.1,Borealis
4.84,3.47,1.29,0.2,Aurora
5.2,3.12,4.12,1.35,Borealis
7.24,2.97,5.26,1.78,Celeste
7.25,3.23,5.02,2.09,Celeste
6.22,2.95,6.14,1.96,Celeste
6.56,3.2,5.5,2.08,Celeste
6.94,2.27,4.74,2.0,Celeste
6.33,2.95,3.88,1.32,Borealis
6.86,3.02,5.32,2.03,Celeste
5.06,2.93,1.15,0.22,Aurora
6.0,3.28,5.65,2.09,Celeste
5.14,3.37,1.29,0.2,Aurora
6.79,3.36,6.01,1.71,Celeste
5.76,3.6,1.43,0.43,Aurora
5.96,3.27,1.84,0.2,Aurora
6.03,2.73,3.95,1.17,Borealis
4.65,3.48,1.6,0.31,Aurora
6.69,3.28,4.96,1.8,Celeste
5.97,3.85,5.1,1.76,Celeste
6.15,2.83,4.65,1.44,Borealis
5.76,2.88,6.22,1.88,Celeste
6.64,2.77,3.9,1.09,Borealis
5.35,2.72,1.34,0.22,Aurora
5.87,2.85,5.01,1.54,Borealis
4.9,3.31,1.55,0.2,Aurora
5.09,3.64,0.96,0.3,Aurora
6.96,3.42,4.84,2.01,Celeste
6.02,2.93,4.53,1.58,Borealis
6.45,2.63,5.79,1.84,Celeste
6.48,2.49,4.39,1.15,Borealis
5.26,3.16,1.38,0.21,Aurora
5.35,3.51,1.51,0.22,Aurora
6.52,3.15,5.34,1.56,Celeste
5.62,2.98,4.33,1.46,Borealis
6.05,3.07,4.25,1.37,Borealis
6.32,2.82,5.01,2.24,Celeste
6.71,3.18,5.19,2.01,Celeste
6.74,3.81,5.95,2.3,Celeste
4.76,3.34,1.6,0.31,Aurora
6.64,3.12,5.44,2.12,Celeste
6.19,2.76,5.81,1.94,Celeste
5.39,3.06,3.86,1.34,Borealis
6.69,3.33,4.96,2.0,Celeste
7.2,3.27,5.51,2.33,Celeste
6.98,3.28,3.86,1.36,Borealis
6.41,3.18,5.59,2.04,Celeste
4.84,2.96,1.21,0.27,Aurora
6.89,3.31,5.14,1.77,Celeste
5.07,3.39,1.08,0.28,Aurora
6.19,2.93,5.67,1.7,Celeste
5.84,2.84,6.05,1.99,Celeste
6.97,3.34,5.78,1.86,Celeste
4.97,3.14,1.3,0.33,Aurora
5.04,3.3,1.43,0.16,Aurora
6.45,2.97,4.67,2.2,Celeste
5.05,3.46,1.22,0.17,Aurora
6.53,2.9,4.42,1.44,Borealis
5.92,2.69,4.79,1.21,Borealis
5.69,2.64,3.78,1.47,Borealis
4.62,3.27,2.01,0.28,Aurora
4.71,3.38,1.76,0.19,Aurora
4.73,3.12,1.66,0.28,Aurora
5.99,2.52,3.75,1.35,Borealis
6.25,3.05,5.57,1.88,Celeste
4.81,3.34,1.62,0.33,Aurora
6.08,3.18,5.91,2.09,Celeste
5.66,2.72,5.39,2.17,Celeste
4.79,3.76,1.68,0.28,Aurora
6.53,2.84,5.28,1.69,Celeste
5.38,3.44,1.65,0.36,Aurora
6.34,2.96,4.15,1.2,Borealis
5.16,3.62,1.56,0.23,Aurora
5.76,2.87,3.56,1.45,Borealis
5.61,2.43,4.84,2.1,Celeste
5.93,2.6,4.36,1.27,Borealis
6.51,3.23,5.29,1.56,Celeste
6.98,3.24,5.25,1.86,Celeste
6.5,3.01,5.8,2.04,Celeste
4.55,3.02,1.39,0.26,Aurora
6.99,2.93,4.82,2.22,Celeste
4.35,3.16,1.74,0.21,Aurora
6.73,3.15,4.46,1.46,Borealis
5.13,3.23,1.52,0.12,Aurora
6.54,3.02,6.08,2.01,Celeste
6.7,3.22,6.01,2.08,Celeste
6.1,2.87,4.64,1.4,Borealis
6.16,2.44,4.29,1.33,Borealis
4.85,3.66,1.03,0.25,Aurora
5.22,3.53,1.23,0.2,Aurora
5.86,3.14,5.53,1.7,Celeste
6.52,3.36,5.45,2.08,Celeste
6.25,2.96,5.36,1.64,Celeste
6.48,2.33,4.87,1.58,Borealis
6.49,2.88,4.2,1.41,Borealis
6.12,2.57,3.77,1.28,Borealis
5.66,3.38,1.05,0.36,Aurora
5.64,3.39,1.83,0.32,Aurora
6.77,3.31,4.91,1.78,Celeste
6.17,2.92,4.92,1.59,Celeste
5.11,3.32,1.43,0.34,Aurora
5.84,2.66,5.33,2.12,Celeste
5.24,3.3,1.54,0.29,Aurora
6.62,2.67,5.8,2.08,Celeste
5.05,3.63,1.08,0.25,Aurora
5.33,3.12,1.56,0.2,Aurora
5.76,2.98,4.93,1.47,Borealis
4.96,3.61,1.91,0.33,Aurora
4.95,3.65,1.29,0.2,Aurora
5.53,3.33,1.62,0.19,Aurora
5.55,3.28,4.35,1.34,Borealis
4.6,3.95,1.69,0.32,Aurora
5.45,3.23,4.2,1.68,Borealis
6.56,3.15,5.82,2.12,Celeste
4.64,3.97,1.63,0.16,Aurora
6.95,2.97,5.58,1.73,Celeste
6.07,3.19,4.31,1.07,Borealis
5.87,3.45,5.12,1.62,Celeste
7.6,2.81,6.07,2.15,Celeste
6.85,2.92,5.93,2.02,Celeste
5.4,3.35,1.67,0.24,Aurora
6.07,3.23,5.4,1.94,Celeste
6.8,2.97,5.44,1.77,Celeste
6.89,2.97,4.93,2.1,Celeste
7.14,3.29,6.08,2.12,Celeste
7.02,2.92,4.66,1.93,Celeste
6.73,3.01,6.5,2.24,Celeste
6.29,3.23,5.83,1.95,Celeste
6.31,3.01,3.85,1.67,Borealis
6.5,3.06,5.76,1.97,Celeste
6.09,3.12,4.74,1.36,Borealis
5.38,3.75,1.43,0.25,Aurora
6.4,3.16,5.24,2.07,Celeste
6.05,2.72,4.73,1.2,Borealis
6.46,2.69,4.14,1.41,Borealis
5.68,3.53,1.57,0.25,Aurora
5.64,3.26,1.62,0.27,Aurora
6.82,2.36,5.54,2.06,Celeste
6.67,2.8,5.08,1.8,Celeste
6.4,2.99,5.28,1.69,Celeste
6.02,2.66,4.46,1.47,Borealis
5.7,3.28,6.41,1.87,Celeste
6.74,2.97,5.26,2.03,Celeste
4.98,3.66,1.06,0.42,Aurora
6.56,3.11,5.78,2.12,Celeste
6.3,3.09,4.91,2.11,Celeste
5.53,3.11,4.84,1.16,Borealis
6.0,2.98,5.29,1.98,Celeste
6.05,2.89,4.29,1.29,Borealis
6.55,2.68,6.1,1.93,Celeste
6.43,2.83,4.08,1.16,Borealis
5.53,3.52,1.45,0.24,Aurora
6.54,2.88,4.78,2.14,Celeste
6.56,2.64,5.4,1.98,Celeste
5.52,3.24,1.05,0.26,Aurora
6.1,3.07,4.46,1.39,Borealis
6.03,2.86,4.36,1.28,Borealis
4.67,3.92,1.57,0.3,Aurora
7.05,3.3,4.36,2.05,Celeste
7.16,3.01,5.29,2.05,Celeste
6.28,2.88,4.55,1.28,Borealis
6.35,2.79,4.23,1.49,Borealis
6.69,2.66,4.85,1.42,Borealis
6.09,2.69,5.97,1.96,Celeste
7.1,2.96,5.29,2.12,Celeste
6.13,3.15,5.1,2.04,Celeste
7.32,2.37,4.97,2.03,Celeste
7.17,3.13,5.92,1.96,Celeste
6.89,2.88,4.99,1.77,Celeste
6.01,3.0,5.44,1.87,Celeste
6.47,3.72,5.57,2.02,Celeste
6.42,2.66,4.68,1.54,Borealis
6.6,3.11,5.37,2.09,Celeste
6.06,3.03,4.99,1.35,Borealis
5.05,3.21,1.1,0.32,Aurora
4.84,3.42,1.29,0.36,Aurora
6.77,2.53,6.18,1.74,Celeste
5.27,3.29,1.15,0.38,Aurora
6.06,3.26,4.99,1.33,Borealis
4.79,3.34,1.8,0.18,Aurora
5.23,2.74,4.8,1.36,Borealis
5.71,3.26,1.4,0.35,Aurora
7.29,2.89,4.89,1.94,Celeste
5.97,2.99,5.14,1.94,Celeste
6.97,2.69,5.72,1.99,Celeste
5.49,3.17,5.09,1.45,Celeste
6.18,3.44,5.78,2.0,Celeste
5.33,3.33,1.44,0.17,Aurora
5.81,2.95,4.08,1.27,Borealis
5.39,3.38,1.31,0.21,Aurora
6.16,2.95,4.55,1.4,Borealis
7.38,3.37,4.79,1.92,Celeste
6.27,2.79,4.76,1.39,Borealis
5.64,2.66,4.2,1.2,Borealis
6.14,3.25,5.72,1.71,Celeste
4.94,3.4,0.95,0.27,Aurora
5.0,2.85,3.8,1.13,Borealis
5.69,3.09,4.6,1.19,Borealis
6.43,2.57,5.96,1.83,Celeste
4.64,3.32,1.26,0.15,Aurora
4.7,3.87,1.4,0.31,Aurora
6.49,3.39,5.73,1.87,Celeste
5.88,2.91,5.54,2.44,Celeste
6.97,2.54,5.88,2.03,Celeste
6.66,3.03,5.05,2.1,Celeste
5.67,2.98,4.63,1.45,Borealis
6.2,3.07,5.85,1.94,Celeste
6.93,2.64,5.21,1.78,Celeste
4.9,2.99,1.43,0.07,Aurora
7.34,3.67,5.48,2.07,Celeste
6.8,3.2,4.05,1.11,Borealis
6.46,2.9,3.85,1.29,Borealis
6.2,2.53,4.48,1.07,Borealis
4.72,3.64,1.26,0.25,Aurora
5.47,3.3,1.97,0.24,Aurora
5.25,2.81,1.27,0.24,Aurora
5.18,3.5,1.57,0.21,Aurora
4.83,3.18,1.67,0.23,Aurora
6.59,2.92,6.03,2.12,Celeste
5.16,3.67,1.3,0.25,Aurora
5.38,3.29,3.77,1.33,Borealis
6.18,2.67,4.39,1.32,Borealis
5.51,3.39,1.27,0.2,Aurora
6.05,3.17,3.9,1.52,Borealis
6.81,3.48,5.65,1.93,Celeste
5.4,2.96,4.45,1.77,Borealis
6.28,2.89,4.52,1.42,Borealis
6.18,3.02,3.75,1.29,Borealis
5.21,3.77,1.48,0.11,Aurora
5.28,3.28,1.65,0.32,Aurora
6.68,2.91,3.77,1.31,Borealis
5.78,3.06,5.46,1.97,Celeste
5.29,3.51,1.12,0.26,Aurora
6.34,3.3,5.48,1.83,Celeste
5.61,2.55,4.19,1.51,Borealis
5.36,3.89,1.44,0.32,Aurora
5.53,3.54,1.71,0.21,Aurora
5.26,3.14,1.34,0.29,Aurora
5.32,3.79,1.5,0.28,Aurora
5.91,2.41,3.83,1.22,Borealis
6.49,2.75,5.23,1.25,Borealis
5.53,3.41,1.32,0.25,Aurora
6.55,3.09,5.4,2.27,Celeste
4.82,3.36,0.95,0.2,Aurora
6.09,2.54,5.09,1.82,Celeste
4.82,3.5,1.22,0.08,Aurora
6.43,2.99,3.76,1.47,Borealis
6.49,3.34,5.74,1.89,Celeste
6.16,2.76,4.99,1.91,Celeste
7.0,2.77,5.84,1.94,Celeste
5.06,3.29,1.32,0.19,Aurora
6.33,3.2,6.22,1.94,Celeste
4.55,3.35,1.63,0.28,Aurora
6.59,3.19,5.46,1.85,Celeste
5.84,2.42,4.3,1.45,Borealis
5.67,3.36,4.68,1.2,Borealis
6.92,3.16,6.01,2.18,Celeste
5.06,3.39,1.28,0.17,Aurora
4.51,3.58,1.26,0.23,Aurora
4.49,3.34,1.61,0.31,Aurora
6.29,2.6,4.66,1.48,Borealis
6.27,2.68,6.06,1.78,Celeste
6.33,3.07,4.82,1.44,Borealis
5.4,3.53,5.65,1.81,Celeste
6.19,2.52,3.9,1.44,Borealis
6.2,2.96,5.33,1.82,Celeste
4.71,3.64,1.79,0.36,Aurora
5.63,2.59,4.3,1.55,Borealis
6.36,2.66,4.73,1.18,Borealis
4.98,3.06,1.75,0.29,Aurora
6.47,3.0,5.82,1.77,Celeste
5.62,2.6,4.33,1.18,Borealis
5.51,3.67,1.55,0.25,Aurora
5.11,2.9,1.57,0.38,Aurora
5.82,3.75,1.69,0.36,Aurora
6.14,3.03,6.65,2.09,Celeste
5.71,2.88,4.38,1.41,Borealis
5.96,2.84,3.91,1.2,Borealis
6.24,2.78,4.62,1.14,Borealis
5.94,3.16,4.12,1.48,Borealis
5.34,3.62,1.84,0.33,Aurora
5.84,2.96,3.95,1.4,Borealis
5.37,2.55,3.96,1.43,Borealis
6.16,2.86,4.84,1.3,Borealis
6.98,3.21,5.86,1.98,Celeste
5.23,3.36,1.76,0.28,Aurora
4.83,3.5,1.63,0.32,Aurora
5.84,2.54,4.41,1.36,Borealis
6.93,2.97,5.61,1.93,Celeste
5.89,2.89,3.71,1.28,Borealis
4.63,3.43,1.32,0.25,Aurora
5.71,3.54,1.23,0.36,Aurora
6.31,3.7,5.15,2.1,Celeste
6.06,3.04,5.49,1.8,Celeste
6.48,2.59,5.07,2.08,Celeste
6.62,2.79,5.38,2.19,Celeste
6.18,2.61,4.25,1.51,Borealis
5.81,3.14,5.08,2.02,Celeste
5.88,2.91,4.59,1.47,Borealis
6.29,2.57,5.88,2.06,Celeste
4.72,3.79,1.03,0.34,Aurora
5.95,2.77,4.52,1.25,Borealis
7.36,2.94,4.48,1.14,Borealis
6.47,2.92,6.03,2.11,Celeste
4.82,3.55,1.37,0.09,Aurora
6.78,3.01,5.39,1.66,Celeste
7.22,3.09,5.4,2.21,Celeste
6.02,2.46,4.81,1.38,Borealis
7.86,3.37,5.61,1.94,Celeste
5.5,2.89,4.53,1.38,Borealis
4.91,3.59,1.03,0.27,Aurora
6.43,2.74,4.28,1.21,Borealis
6.72,2.38,4.22,1.4,Borealis
6.64,3.22,5.18,2.06,Celeste
6.12,3.36,5.34,1.82,Celeste
5.23,3.71,1.71,0.46,Aurora
4.97,3.37,1.27,0.31,Aurora
6.21,3.34,4.8,1.48,Borealis
6.22,2.79,4.24,1.14,Borealis
4.99,3.47,1.83,0.34,Aurora
4.64,3.11,0.95,0.11,Aurora
4.66,3.76,1.22,0.27,Aurora
5.47,2.58,5.09,1.18,Borealis
7.01,2.95,5.37,2.22,Celeste
6.65,2.76,4.51,1.24,Borealis
5.44,2.55,3.95,1.06,Borealis
6.07,2.79,3.43,1.36,Borealis
6.5,2.78,5.8,1.98,Celeste
5.97,2.85,4.41,1.34,Borealis
6.76,3.42,5.99,2.03,Celeste
4.69,3.56,1.38,0.22,Aurora
7.09,2.56,5.13,2.08,Celeste
6.19,3.0,6.19,1.93,Celeste
5.18,3.47,1.21,0.22,Aurora
6.03,2.35,4.49,1.05,Borealis
5.36,3.36,0.99,0.17,Aurora
6.39,3.02,4.69,1.17,Borealis
6.95,3.06,4.82,1.02,Borealis
4.99,3.39,1.54,0.14,Aurora
5.83,2.82,3.99,1.17,Borealis
5.39,3.54,1.5,0.21,Aurora
6.1,3.02,5.87,2.34,Celeste
4.98,3.08,1.58,0.27,Aurora
7.59,3.34,5.48,2.18,Celeste
5.32,3.38,1.51,0.19,Aurora
4.93,3.4,1.24,0.07,Aurora
4.78,3.67,1.51,0.32,Aurora
5.4,2.55,5.88,1.98,Celeste
5.71,2.68,4.44,1.37,Borealis
5.47,3.52,1.58,0.15,Aurora
